time,open,close,high,low,volume
7/23/2022 8:00,35.875,35.52500153,40.48749924,34.82500076,4197.810059
7/25/2022 8:00,35.52500153,33.70000076,36.72499847,31.85000038,13247.2998
