time,open,close,high,low,volume
7/19/2022 8:00,1.497400045,1.648100019,1.919999957,1.398800015,8023249
7/25/2022 8:00,1.648100019,2.310899973,2.666599989,1.287299991,8924932
